amfi_code,scheme_name,category,cagr_3yr,sharpe_ratio,alpha,expense_ratio_pct,max_drawdown,fund_score,overall_rank
148567,Mirae Asset Large Cap Fund - Regular - Growth,Equity,0.3400091602163293,1.4625040290030804,0.2698375144191807,1.46,-0.11265729075028275,86.25,1
120505,ICICI Pru Midcap Fund - Regular - Growth,Equity,0.317775371512347,1.1905585963067515,0.2926358334175106,1.36,-0.18188513572116294,82.25,2
120843,Kotak Flexicap Fund - Regular - Growth,Equity,0.2958277033726251,1.3194419817117229,0.27330465038306057,1.45,-0.1297396816518679,82.0,3
100033,HDFC Mid-Cap Opportunities Fund - Regular - Growth,Equity,0.32442459421956116,1.1043517629506803,0.2719535450128533,1.38,-0.16217208574644848,80.75,4
120504,ICICI Pru Bluechip Fund - Direct - Growth,Equity,0.3248742855621496,1.0405688566490556,0.2119482701352573,0.8,-0.12588275606922517,80.0,5
119094,Axis Midcap Fund - Regular - Growth,Equity,0.35111802096428524,1.0086257891314458,0.2607666908004223,1.38,-0.20960883862039192,77.0,6
119551,SBI Bluechip Fund - Regular Plan - Growth,Equity,0.3045652442030289,1.222947214685128,0.23201007160635082,1.54,-0.1501238549864533,74.8125,7
148569,Mirae Asset Tax Saver Fund - Regular - Growth,Equity,0.2917890157839378,1.246344140962054,0.2827036785246582,1.6,-0.1639674294693263,73.6875,8
101206,ABSL Frontline Equity Fund - Regular - Growth,Equity,0.2896769452874166,1.0410608155745147,0.21399784776051212,1.6,-0.11291596329323073,68.1875,9
119598,SBI Small Cap Fund - Regular Plan - Growth,Equity,0.2666992200118774,0.9533324621776285,0.3033696538698332,1.43,-0.2870600572176455,67.375,10
149323,DSP Midcap Fund - Regular - Growth,Equity,0.268699908289022,1.1434895599140875,0.26598577542043045,1.61,-0.17248105753451382,66.75,11
149324,DSP Small Cap Fund - Regular - Growth,Equity,0.27000426614519246,0.9579170598994402,0.3005787817097677,1.52,-0.31171900300634214,66.6875,12
118632,Nippon India Large Cap Fund - Regular - Growth,Equity,0.22652359830098634,1.095917599266092,0.21829397904608644,1.51,-0.17414075086657232,66.5625,13
119552,SBI Bluechip Fund - Direct Plan - Growth,Equity,0.16267372294624916,0.9677516848309513,0.1986859936686296,0.66,-0.11803493502764295,66.0,14
125497,HDFC Top 100 Fund - Direct Plan - Growth,Equity,0.18434488610520172,0.7895427197023165,0.17729754927531766,0.92,-0.15200013055606398,58.625,15
118635,Nippon India ETF Nifty 50 BeES,Equity,0.20008208380471482,0.680395062140252,0.1513635464823924,0.89,-0.1165062450540909,58.375,16
118633,Nippon India Large Cap Fund - Direct - Growth,Equity,0.2108997654925684,0.6596198173038671,0.15643835948169668,0.72,-0.18629743138595511,57.9375,17
102885,UTI Nifty 50 Index Fund - Regular - Growth,Equity,0.1966726206830185,0.8328147683762689,0.17048756803412696,1.57,-0.1085986215250232,54.375,18
148568,Mirae Asset Emerging Bluechip Fund - Regular - Growth,Equity,0.14748035533586012,0.9393621577599308,0.20873010086942337,1.52,-0.1527259422823477,53.4375,19
120503,ICICI Pru Bluechip Fund - Regular - Growth,Equity,0.13978381933703043,0.8125023019488139,0.17703302365844073,1.42,-0.13897862823061635,53.0,20
120507,ICICI Pru Liquid Fund - Regular - Growth,Debt,0.07394286300360076,0.9041623305389638,0.06746210411099539,0.74,-0.0009773140045925555,52.375,21
120506,ICICI Pru Value Discovery Fund - Regular - Growth,Equity,0.1842199653744454,0.6621241011051731,0.1625385327998104,1.41,-0.1982565826298267,50.5,22
119093,Axis Bluechip Fund - Direct - Growth,Equity,0.20816771175535864,0.1440412221042839,0.08232801295222093,0.75,-0.21751396370148224,47.0,23
102887,UTI Flexi Cap Fund - Regular - Growth,Equity,0.25556187904126526,0.6323192432780438,0.16211256794033255,1.64,-0.21539827112383225,45.5625,24
120844,Kotak Liquid Fund - Regular - Growth,Debt,0.06695971624586994,0.30425182333434503,0.06455677495375998,0.6,-0.0011629327956168556,44.875,25
149322,DSP Top 100 Equity Fund - Regular - Growth,Equity,0.18044206486636138,0.4780917280523979,0.13173190226099432,1.54,-0.14844576917771746,43.6875,26
125498,HDFC Mid-Cap Opportunities Fund - Direct - Growth,Equity,0.11245222866621418,0.3116040974052224,0.11989100971217971,0.78,-0.21117279560132118,42.125,27
120841,Kotak Bluechip Fund - Regular - Growth,Equity,0.1726727508371786,0.5092559163430057,0.13042924450705445,1.59,-0.1757361416468729,39.375,28
118634,Nippon India Small Cap Fund - Regular - Growth,Equity,0.08007927728656083,0.4564261243061779,0.1750072167561127,1.53,-0.2334488614483311,38.3125,29
119120,SBI Magnum Gilt Fund - Regular Plan - Growth,Debt,0.05840358798463097,-0.17572336328229407,0.05620895216638369,0.77,-0.04328728923970093,35.0,30
118636,Nippon India Gilt Securities Fund - Regular - Growth,Debt,0.040622050237771434,-0.30601321923949243,0.05074772999976104,0.55,-0.08316361763638702,34.625,31
101208,ABSL Liquid Fund - Regular - Growth,Debt,0.06315784491375509,-0.41722938246152685,0.060861457957871144,0.79,-0.0016224980244717857,33.5,32
100025,HDFC Short Term Debt Fund - Regular - Growth,Debt,0.039163899571040384,-0.5154378235861931,0.042817920315060876,0.56,-0.04308263824636349,31.25,33
120842,Kotak Emerging Equity Fund - Regular - Growth,Equity,0.07756003551327284,0.08727318479040216,0.0780443887615508,1.56,-0.24003511326274884,27.0,34
119599,SBI Small Cap Fund - Direct Plan - Growth,Equity,-0.01337386614488112,-0.04910116945430198,0.048824215945539845,0.72,-0.5257422117012851,23.3125,35
119092,Axis Bluechip Fund - Regular - Growth,Equity,0.005258871209757432,0.045245322990343645,0.0689952982167755,1.64,-0.1440161790933726,21.9375,36
101207,ABSL Small Cap Fund - Regular - Growth,Equity,-0.04152381044854481,0.170480695188316,0.10897091901704538,1.53,-0.3544691649336603,21.4375,37
119095,Axis Small Cap Fund - Regular - Growth,Equity,-0.11705806723995271,-0.06792567846937411,0.04801595363775955,1.38,-0.5167775370852656,16.625,38
100016,HDFC Top 100 Fund - Regular Plan - Growth,Equity,0.01292649342495622,-0.18765046878624003,0.03747580763443281,1.55,-0.24734440880673303,13.75,39
102886,UTI Mid Cap Fund - Regular - Growth,Equity,-0.007674063178547241,-0.19470738058320314,0.02896939786637944,1.51,-0.2800112356639287,13.6875,40
